,xmin,ymin,xmax,ymax,score,label
0,3142.790771484375,1472.7122802734375,3974.216552734375,2416.62841796875,0.6728159785270691,Tree
1,1724.1329345703125,1950.7958984375,2367.89599609375,2568.42919921875,0.6005075573921204,Tree
2,27.317541122436523,1729.2633056640625,1201.32373046875,2865.3056640625,0.5524561405181885,Tree
3,2949.085693359375,2396.412841796875,3516.715576171875,2934.05126953125,0.5182474851608276,Tree
4,2397.7470703125,3601.624755859375,2900.9013671875,3994.374755859375,0.507315456867218,Tree
5,1125.54345703125,2956.1279296875,2176.1181640625,3963.193603515625,0.5063800811767578,Tree
6,66.1251220703125,3407.977783203125,786.8499755859375,3986.47216796875,0.5037900805473328,Tree
7,2405.310302734375,2957.541259765625,3108.675537109375,3537.45703125,0.4966438412666321,Tree
8,4.753150939941406,2766.950439453125,642.1075439453125,3432.6767578125,0.4961148202419281,Tree
9,3166.85888671875,226.27426147460938,3966.97412109375,988.3399658203125,0.47112855315208435,Tree
10,704.2373657226562,17.911882400512695,1283.646484375,376.6416015625,0.4582735300064087,Tree
11,2891.855224609375,3515.936767578125,3549.78271484375,3982.444091796875,0.4488426446914673,Tree
12,3305.35986328125,2704.18310546875,3972.4404296875,3611.73974609375,0.44714272022247314,Tree
13,2542.798583984375,2511.900634765625,2808.1240234375,2749.125,0.446480929851532,Tree
14,2736.3603515625,2700.8818359375,3057.8017578125,2995.53076171875,0.44192466139793396,Tree
15,3515.14013671875,895.5411987304688,3994.634765625,1449.1771240234375,0.42444145679473877,Tree
16,1215.707275390625,2200.763671875,1707.2701416015625,2709.91455078125,0.42398712038993835,Tree
17,1853.3173828125,2482.503662109375,2521.56787109375,3072.127685546875,0.41825631260871887,Tree
18,2618.143798828125,1769.5821533203125,3026.20361328125,2162.00927734375,0.4067113697528839,Tree
19,2479.460205078125,2187.931884765625,2902.04638671875,2574.297119140625,0.3531532883644104,Tree
20,3630.021728515625,3424.37841796875,3997.829345703125,3996.735107421875,0.3407897353172302,Tree
21,650.4020385742188,2610.4296875,1341.7310791015625,3245.351806640625,0.30829715728759766,Tree
22,1304.2803955078125,2648.3447265625,1690.261474609375,2943.070556640625,0.2899329662322998,Tree
23,2142.8212890625,331.18359375,2390.7646484375,586.0396728515625,0.28550809621810913,Tree
24,2271.89111328125,1842.926025390625,2586.471923828125,2225.8212890625,0.28120583295822144,Tree
25,2152.702392578125,3277.846435546875,2522.087646484375,3677.489013671875,0.2719903588294983,Tree
26,2191.0986328125,2963.257080078125,2435.57470703125,3194.96923828125,0.26709818840026855,Tree
27,815.0634765625,3369.58056640625,1326.304931640625,3985.30810546875,0.262776255607605,Tree
28,2983.901611328125,2066.387939453125,3381.1572265625,2416.2685546875,0.25395309925079346,Tree
29,2429.903076171875,170.4293670654297,2810.516845703125,539.6853637695312,0.23351112008094788,Tree
30,3846.535400390625,1265.3807373046875,3996.3994140625,1593.09765625,0.22229844331741333,Tree
31,3723.4482421875,43.83798599243164,4000.0,313.5030822753906,0.2197217047214508,Tree
32,3652.453857421875,2204.3369140625,3992.378173828125,2604.21142578125,0.21724656224250793,Tree
33,1673.6729736328125,1318.3636474609375,2323.14111328125,1908.787353515625,0.21679607033729553,Tree
34,1603.6552734375,2431.58837890625,1868.79296875,2729.467041015625,0.21252501010894775,Tree
35,2512.72412109375,2830.134765625,2720.002685546875,3022.61376953125,0.20419105887413025,Tree
36,2975.570068359375,3069.760986328125,3240.47509765625,3364.60009765625,0.2032780647277832,Tree
37,2043.17822265625,944.1341552734375,2299.708740234375,1177.2213134765625,0.20285508036613464,Tree
38,6397.77685546875,955.3079833984375,7377.74462890625,1813.7725830078125,0.6926610469818115,Tree
39,7663.89404296875,3339.068359375,7986.652099609375,3780.75732421875,0.636475682258606,Tree
40,5680.58837890625,201.1937713623047,6181.18994140625,789.2700805664062,0.6306217908859253,Tree
41,6073.942138671875,2766.996826171875,7122.2197265625,3739.33642578125,0.6170409321784973,Tree
42,5749.5628662109375,1960.188720703125,6189.036376953125,2445.018310546875,0.598111629486084,Tree
43,6896.736328125,1857.7569580078125,7582.579833984375,2751.97998046875,0.5891480445861816,Tree
44,4315.264587402344,1208.38134765625,5254.3685302734375,2162.8759765625,0.581782341003418,Tree
45,6423.9287109375,2243.513671875,6876.989501953125,2776.357666015625,0.5500060319900513,Tree
46,7451.457275390625,3733.310791015625,7727.48095703125,3994.82177734375,0.5365911722183228,Tree
47,4970.747619628906,362.168701171875,5501.1544189453125,970.302978515625,0.535254180431366,Tree
48,5172.954345703125,2603.30615234375,5670.18017578125,3061.272216796875,0.5227124691009521,Tree
49,4964.175048828125,1954.92724609375,5355.285888671875,2362.074951171875,0.5182372331619263,Tree
50,5293.7816162109375,2397.011962890625,5600.2991943359375,2649.377685546875,0.5123116970062256,Tree
51,4001.0435843467712,2701.440673828125,4811.9561767578125,3913.240234375,0.5109819173812866,Tree
52,4008.6504983901978,1027.06298828125,4371.287292480469,1541.0189208984375,0.4873759150505066,Tree
53,4740.955322265625,2376.0009765625,5185.5272216796875,2863.30615234375,0.4862169325351715,Tree
54,4333.258544921875,178.8433837890625,4844.1314697265625,619.8359375,0.47049129009246826,Tree
55,5627.48486328125,2288.84814453125,5860.08056640625,2553.11181640625,0.4671545624732971,Tree
56,7489.730712890625,222.99029541015625,8000.0,992.9703369140625,0.4548969566822052,Tree
57,5705.581298828125,3753.998046875,5989.2503662109375,3999.125,0.4485244154930115,Tree
58,4651.101135253906,624.9906616210938,4990.0506591796875,1054.84716796875,0.44555723667144775,Tree
59,6548.435546875,159.06607055664062,7369.12890625,866.0831909179688,0.4429679214954376,Tree
60,5312.157470703125,1641.8040771484375,5839.6693115234375,2180.227783203125,0.4411057233810425,Tree
61,5301.63720703125,719.4825439453125,5742.412353515625,1254.9664306640625,0.4409208297729492,Tree
62,5613.426513671875,1117.025634765625,6311.8564453125,1835.3779296875,0.440257728099823,Tree
63,4003.121919631958,1998.713623046875,4196.462432861328,2362.935546875,0.4400290846824646,Tree
64,5150.7879638671875,3615.845703125,5733.01318359375,3981.3046875,0.43590351939201355,Tree
65,7125.715576171875,3784.743408203125,7486.832275390625,3992.191162109375,0.425484836101532,Tree
66,6053.07275390625,2213.719970703125,6481.188720703125,2701.076416015625,0.4136033356189728,Tree
67,6790.658203125,3750.974365234375,7112.93701171875,3993.796630859375,0.4122781455516815,Tree
68,5066.5595703125,1285.892578125,5489.532958984375,1823.727294921875,0.3994852304458618,Tree
69,5985.6654052734375,3765.240478515625,6287.045654296875,3994.732666015625,0.38675713539123535,Tree
70,7397.375732421875,2778.845703125,7967.799072265625,3322.205810546875,0.3800314664840698,Tree
71,4537.9029541015625,2211.02490234375,4853.160461425781,2560.77490234375,0.3756241500377655,Tree
72,5356.560546875,2156.05029296875,5614.664794921875,2397.342529296875,0.37444818019866943,Tree
73,7713.823486328125,3759.454833984375,7999.587890625,3999.78515625,0.36798563599586487,Tree
74,4214.3328857421875,2187.338623046875,4523.806640625,2540.445556640625,0.36500853300094604,Tree
75,7121.535888671875,784.0709838867188,7720.993408203125,1370.0067138671875,0.35364383459091187,Tree
76,7735.11376953125,1346.322021484375,7995.756103515625,1789.309814453125,0.351939857006073,Tree
77,4015.4115829467773,1625.5538330078125,4297.970947265625,1927.8988037109375,0.3474593758583069,Tree
78,4743.3944091796875,3472.703857421875,5219.2177734375,3987.762939453125,0.3324217200279236,Tree
79,6119.2783203125,1971.4256591796875,6423.84912109375,2285.0126953125,0.3291286826133728,Tree
80,7723.710205078125,1977.8192138671875,7994.7158203125,2578.179931640625,0.3270893096923828,Tree
81,4003.867735147476,89.88567352294922,4253.47346496582,508.1029968261719,0.3240382671356201,Tree
82,4002.016158103943,575.2367553710938,4196.0311279296875,967.479248046875,0.32023563981056213,Tree
83,5552.7431640625,2980.206298828125,5862.9381103515625,3238.7431640625,0.312194287776947,Tree
84,6336.520263671875,1797.6461181640625,6651.289306640625,2083.660888671875,0.3025299906730652,Tree
85,5557.767333984375,2587.294189453125,5824.19140625,2831.619873046875,0.2902926802635193,Tree
86,7144.6171875,3148.340087890625,7661.834716796875,3627.87890625,0.2827107906341553,Tree
87,4917.1236572265625,2897.81103515625,5162.795654296875,3141.279296875,0.2751307487487793,Tree
88,5667.945068359375,3312.7373046875,5957.34375,3570.484375,0.2723747491836548,Tree
89,5881.033447265625,2686.423828125,6182.08740234375,3015.67236328125,0.2682711184024811,Tree
90,7682.248291015625,1153.3885498046875,7974.410400390625,1414.2449951171875,0.26161110401153564,Tree
91,4365.384033203125,676.7965087890625,4624.935119628906,951.75537109375,0.25192978978157043,Tree
92,5306.5928955078125,208.65379333496094,5676.8154296875,576.1102294921875,0.24988186359405518,Tree
93,4235.565490722656,1903.950927734375,4523.553039550781,2187.28955078125,0.24690383672714233,Tree
94,5063.6239013671875,3829.056884765625,5277.22900390625,3988.991455078125,0.2412230670452118,Tree
95,5141.5286865234375,2355.89892578125,5311.19287109375,2560.70654296875,0.23638710379600525,Tree
96,7369.993896484375,1372.483154296875,7656.694580078125,1632.18994140625,0.23068824410438538,Tree
97,6254.281982421875,106.46520233154297,6703.4482421875,562.3927001953125,0.22099444270133972,Tree
98,4008.790192604065,2312.607177734375,4196.856597900391,2551.62353515625,0.2174702286720276,Tree
99,4001.794192671776,1432.9827880859375,4136.432830810547,1636.6822509765625,0.21674376726150513,Tree
100,6219.86328125,705.5635986328125,6679.555908203125,1152.949951171875,0.21663042902946472,Tree
101,5194.9588623046875,3158.656005859375,5560.717041015625,3546.281494140625,0.21523094177246094,Tree
102,6758.705810546875,2019.0068359375,6965.241455078125,2211.291259765625,0.20833978056907654,Tree
103,4306.329040527344,1525.965576171875,4580.220275878906,1779.9774169921875,0.20807060599327087,Tree
104,4374.696350097656,1075.6978759765625,4682.186950683594,1426.5008544921875,0.20491471886634827,Tree
105,5847.42626953125,2347.421142578125,6067.712158203125,2540.469970703125,0.2045665681362152,Tree
106,5689.4786376953125,2830.370361328125,5850.437744140625,2983.268798828125,0.20414933562278748,Tree
107,6265.491943359375,3811.2021484375,6680.64453125,3992.778564453125,0.201686829328537,Tree
108,9863.495483398438,1673.748779296875,10431.614501953125,2250.956787109375,0.7429037094116211,Tree
109,9253.4599609375,1709.3480224609375,9858.936645507812,2332.056396484375,0.7326053380966187,Tree
110,8013.928732872009,150.76220703125,9019.551452636719,1058.7236328125,0.6698344945907593,Tree
111,9214.940551757812,1022.9810791015625,9858.9638671875,1682.3665771484375,0.6561024188995361,Tree
112,9957.939453125,333.7547607421875,10360.97998046875,743.1121215820312,0.6323700547218323,Tree
113,10752.025146484375,3720.310546875,11058.343994140625,3992.07861328125,0.5824064016342163,Tree
114,10558.33544921875,252.88621520996094,11004.701904296875,765.6641845703125,0.5576959252357483,Tree
115,10492.810546875,1832.242431640625,10813.222900390625,2189.3193359375,0.5565187931060791,Tree
116,11676.332275390625,1753.1820068359375,11948.322021484375,2011.3216552734375,0.5522114634513855,Tree
117,10293.5,2997.49267578125,10768.1884765625,3524.342041015625,0.5516461133956909,Tree
118,9535.280395507812,249.1094970703125,9937.502319335938,656.057373046875,0.5432423949241638,Tree
119,11386.609375,3709.687255859375,11657.171630859375,3985.070068359375,0.525613009929657,Tree
120,8120.974670410156,3384.069091796875,8684.820495605469,3997.140869140625,0.5254741907119751,Tree
121,11359.000732421875,2538.70361328125,11625.370361328125,2783.661865234375,0.5197506546974182,Tree
122,10296.125732421875,2248.739013671875,10624.216552734375,2595.905517578125,0.5145626664161682,Tree
123,10923.403076171875,1913.8709716796875,11310.884765625,2311.970458984375,0.5049641728401184,Tree
124,11289.423583984375,302.9327392578125,11812.208740234375,844.4227294921875,0.5031331181526184,Tree
125,8103.728187561035,1371.6207275390625,8639.550598144531,1921.6795654296875,0.492292195558548,Tree
126,9681.691284179688,3722.337890625,10137.48828125,3991.34375,0.4892819821834564,Tree
127,9028.38037109375,2827.914306640625,9385.34326171875,3208.8466796875,0.4812498986721039,Tree
128,10839.87158203125,2370.10107421875,11185.70947265625,2751.26123046875,0.48039406538009644,Tree
129,11564.598876953125,2008.986083984375,11824.095703125,2236.606201171875,0.47666433453559875,Tree
130,11079.0712890625,3874.420166015625,11351.092529296875,3995.6650390625,0.4659966230392456,Tree
131,11708.67578125,1103.0303955078125,11999.48876953125,1486.1763916015625,0.46154525876045227,Tree
132,8589.281127929688,1585.2064208984375,9134.476440429688,2077.150146484375,0.4575006067752838,Tree
133,9622.802856445312,3176.539794921875,9995.642700195312,3554.194580078125,0.45622700452804565,Tree
134,11664.389404296875,3718.39990234375,11913.27197265625,3971.932373046875,0.45607003569602966,Tree
135,11662.85009765625,2357.574951171875,11905.50537109375,2627.977294921875,0.45406338572502136,Tree
136,11051.914306640625,1211.8780517578125,11400.988525390625,1516.2225341796875,0.44998466968536377,Tree
137,11019.633056640625,2782.829345703125,11301.545654296875,3088.76953125,0.4444316029548645,Tree
138,8019.550247192383,2019.9119873046875,8664.318664550781,3018.388671875,0.44078460335731506,Tree
139,11081.044189453125,910.91650390625,11409.409423828125,1227.469482421875,0.4397794306278229,Tree
140,10327.86328125,920.1135864257812,10881.687255859375,1549.0499267578125,0.4332807958126068,Tree
141,11726.83251953125,578.7298583984375,11996.53369140625,951.9912109375,0.4226498603820801,Tree
142,11519.051513671875,3083.94189453125,11781.87158203125,3360.425048828125,0.4221934378147125,Tree
143,10366.09228515625,3705.96484375,10661.3017578125,3992.224365234375,0.414432555437088,Tree
144,11189.9853515625,1498.931396484375,11644.87841796875,1954.2122802734375,0.4122931659221649,Tree
145,10740.0341796875,3047.453369140625,11198.37890625,3567.565185546875,0.4055420756340027,Tree
146,11276.9296875,3206.765625,11464.064208984375,3411.175537109375,0.3904357850551605,Tree
147,11433.092041015625,2212.56591796875,11728.697265625,2524.4365234375,0.38632112741470337,Tree
148,11452.364990234375,1097.8826904296875,11693.762451171875,1350.06005859375,0.38625025749206543,Tree
149,10837.675537109375,763.0689086914062,11081.2431640625,1004.6903686523438,0.3761833906173706,Tree
150,11325.23974609375,2829.420166015625,11571.558837890625,3069.428466796875,0.37366992235183716,Tree
151,10288.481201171875,1527.6685791015625,10539.9169921875,1790.957763671875,0.3724747896194458,Tree
152,11763.11572265625,3328.050537109375,11996.682373046875,3605.634521484375,0.3658604025840759,Tree
153,9867.496826171875,684.9191284179688,10074.863037109375,871.6406860351562,0.35623592138290405,Tree
154,9856.030517578125,1006.1466064453125,10392.5048828125,1616.9969482421875,0.35135722160339355,Tree
155,10622.394287109375,2417.654296875,10868.180419921875,2671.739501953125,0.3509044051170349,Tree
156,11738.011474609375,2730.673583984375,11977.627197265625,2976.678955078125,0.3478057384490967,Tree
157,11221.7021484375,2288.541259765625,11455.419677734375,2535.845947265625,0.34706902503967285,Tree
158,11865.4091796875,2196.031982421875,11994.382568359375,2473.273193359375,0.34147748351097107,Tree
159,9071.4794921875,1831.61181640625,9329.296875,2092.6650390625,0.34118741750717163,Tree
160,10375.859375,2646.456787109375,10605.56787109375,2891.442626953125,0.33752214908599854,Tree
161,11870.004150390625,3003.223876953125,11991.72412109375,3273.121826171875,0.33675312995910645,Tree
162,8000.0,935.2456665039062,8550.10888671875,1489.75341796875,0.3357071578502655,Tree
163,10717.25634765625,1368.54052734375,10930.2568359375,1565.9320068359375,0.332125186920166,Tree
164,8728.478149414062,1134.740234375,8981.183776855469,1399.052001953125,0.32245826721191406,Tree
165,10296.56787109375,266.3641357421875,10588.00146484375,591.389892578125,0.32064980268478394,Tree
166,8004.475806713104,3323.900146484375,8191.938507080078,3641.798583984375,0.3175078332424164,Tree
167,10839.365478515625,1132.539306640625,11083.30712890625,1374.666015625,0.3165252208709717,Tree
168,11538.463134765625,816.8411865234375,11790.522705078125,1070.1790771484375,0.31170201301574707,Tree
169,9768.564453125,2247.389404296875,9957.71875,2434.51171875,0.30977651476860046,Tree
170,10611.2890625,2670.516845703125,10854.08740234375,2892.078857421875,0.3088000416755676,Tree
171,8016.320755004883,2909.57177734375,8436.008728027344,3324.560791015625,0.3044988512992859,Tree
172,9004.458374023438,225.2591552734375,9513.72802734375,775.21826171875,0.2964693009853363,Tree
173,10734.936279296875,2187.2763671875,10926.060546875,2375.96435546875,0.2886824607849121,Tree
174,11824.960205078125,1591.41357421875,11995.100341796875,1816.4586181640625,0.287688672542572,Tree
175,9166.25537109375,3451.42236328125,9513.472778320312,3859.625244140625,0.2836809456348419,Tree
176,11792.71533203125,893.680419921875,11995.085205078125,1126.6337890625,0.28091007471084595,Tree
177,8883.321044921875,1323.3619384765625,9269.760620117188,1724.5164794921875,0.2798083424568176,Tree
178,10959.5546875,378.5609130859375,11331.877685546875,796.2809448242188,0.2779466211795807,Tree
179,11816.7724609375,1981.1717529296875,11994.225341796875,2228.674560546875,0.2770770192146301,Tree
180,11046.8935546875,3552.147216796875,11290.653076171875,3794.216796875,0.2742871344089508,Tree
181,11312.230224609375,813.4993896484375,11580.37744140625,1066.339599609375,0.2690083980560303,Tree
182,10227.2998046875,1134.069091796875,10405.46240234375,1326.6444091796875,0.2678631544113159,Tree
183,11882.934326171875,3736.296875,11996.396728515625,3980.5224609375,0.2614225745201111,Tree
184,8003.040533542633,642.007080078125,8181.399002075195,1015.7880249023438,0.2605074942111969,Tree
185,11874.818359375,2505.10888671875,11995.038818359375,2729.722900390625,0.2571834623813629,Tree
186,11847.919677734375,1403.17333984375,11996.90478515625,1601.9215087890625,0.24527767300605774,Tree
187,10950.91455078125,1604.0621337890625,11270.02783203125,1985.209228515625,0.2449372410774231,Tree
188,11597.175537109375,1358.860107421875,11806.777587890625,1564.0313720703125,0.24424558877944946,Tree
189,11115.164794921875,3358.447509765625,11372.16650390625,3608.766845703125,0.2433421015739441,Tree
190,11219.724365234375,2587.140869140625,11403.708984375,2783.88232421875,0.2395153045654297,Tree
191,8965.643859863281,2087.30810546875,9250.93505859375,2372.86376953125,0.2382211983203888,Tree
192,10618.195068359375,693.5944213867188,10890.892578125,949.9021606445312,0.23691388964653015,Tree
193,10613.5771484375,1524.5252685546875,10851.517578125,1742.0797119140625,0.23553067445755005,Tree
194,11065.118896484375,2296.08642578125,11255.39453125,2494.787109375,0.234649658203125,Tree
195,8747.448364257812,3716.21630859375,9074.002075195312,3993.89404296875,0.23141559958457947,Tree
196,8005.801033496857,1694.1146240234375,8182.459777832031,1921.089599609375,0.23004797101020813,Tree
197,11688.122802734375,3548.833251953125,11893.0576171875,3718.904052734375,0.2286052107810974,Tree
198,10798.470458984375,2836.565185546875,11000.825439453125,3030.40185546875,0.2273576855659485,Tree
199,10325.550537109375,571.7290649414062,10575.856201171875,792.24853515625,0.22603610157966614,Tree
200,10692.410888671875,1728.7969970703125,10903.0419921875,1942.5167236328125,0.22378262877464294,Tree
201,11322.755615234375,3065.11962890625,11493.319091796875,3217.38671875,0.21852397918701172,Tree
202,11521.419677734375,3405.577392578125,11700.668701171875,3593.35595703125,0.2184179127216339,Tree
203,8430.297302246094,1271.8992919921875,8635.444885253906,1482.390625,0.21744292974472046,Tree
204,11581.89501953125,3610.372314453125,11733.82080078125,3769.247802734375,0.2166469395160675,Tree
205,11324.556640625,1985.4376220703125,11513.150634765625,2184.88818359375,0.21085983514785767,Tree
206,11228.3525390625,2121.268310546875,11424.509033203125,2330.7373046875,0.2089979350566864,Tree
207,10023.783447265625,2152.760009765625,10267.091064453125,2367.708740234375,0.20734459161758423,Tree
208,10132.511474609375,762.8193359375,10386.94091796875,1007.3051147460938,0.20716595649719238,Tree
209,8840.630187988281,2462.2509765625,9114.219604492188,2720.31982421875,0.2064778208732605,Tree
210,11237.46728515625,3636.36572265625,11422.51611328125,3843.77978515625,0.20498105883598328,Tree
211,12846.233825683594,2971.200439453125,13329.563598632812,3392.568115234375,0.6662405133247375,Tree
212,12358.754455566406,2928.14208984375,12693.723999023438,3258.67822265625,0.5880669355392456,Tree
213,12043.943298339844,1473.99853515625,12724.092834472656,2103.56494140625,0.5796495079994202,Tree
214,12001.184231042862,3058.452392578125,12272.77587890625,3456.40625,0.5668767690658569,Tree
215,12019.633903503418,3626.6875,12401.85482788086,4000.0,0.5598476529121399,Tree
216,12781.555480957031,3589.31640625,13031.610595703125,3902.7626953125,0.5365352630615234,Tree
217,12475.208618164062,3614.287109375,12723.447998046875,3855.10400390625,0.5183175802230835,Tree
218,12258.520324707031,2144.379638671875,12592.678894042969,2461.067626953125,0.517163097858429,Tree
219,12982.697998046875,3635.748779296875,13372.271362304688,4000.0,0.506961464881897,Tree
220,12320.589782714844,2421.864013671875,12725.583190917969,2811.303466796875,0.4959389865398407,Tree
221,12548.583068847656,3364.4375,12818.020568847656,3612.825927734375,0.45124751329421997,Tree
222,12323.482513427734,3259.50927734375,12579.058166503906,3507.5029296875,0.4338744282722473,Tree
223,12006.770951271057,2653.181640625,12187.089782714844,2863.61328125,0.42734456062316895,Tree
224,12596.9345703125,3874.38330078125,12866.882263183594,3996.353515625,0.4082912802696228,Tree
225,12006.905940532684,981.0552978515625,12371.014678955078,1461.87646484375,0.3884068727493286,Tree
226,12010.123955726624,2323.703125,12269.032196044922,2604.91357421875,0.3868510127067566,Tree
227,12860.994567871094,3373.724365234375,13127.906372070312,3606.7021484375,0.37586709856987,Tree
228,12015.809770584106,1999.27001953125,12310.56088256836,2285.518798828125,0.34749835729599,Tree
229,12002.91945695877,595.4515991210938,12349.152404785156,940.9406127929688,0.3426547944545746,Tree
230,12011.630286216736,2851.68505859375,12247.423538208008,3092.5625,0.33309686183929443,Tree
231,12007.1056599617,3429.29345703125,12184.63671875,3631.66064453125,0.32939961552619934,Tree
232,12188.055969238281,3452.553466796875,12428.822784423828,3689.14697265625,0.31778064370155334,Tree
233,12621.016296386719,3046.172119140625,12930.360717773438,3376.225341796875,0.31669801473617554,Tree
234,12287.263214111328,3857.328857421875,12598.724609375,3995.531005859375,0.2995379865169525,Tree
235,12007.178020477295,1741.8499755859375,12224.26155090332,1951.6500244140625,0.26614487171173096,Tree
236,13084.548461914062,3353.543701171875,13333.478637695312,3600.95556640625,0.2439127266407013,Tree
237,12170.833282470703,2760.93408203125,12371.836242675781,2968.580810546875,0.23826497793197632,Tree
238,12180.257263183594,2972.89892578125,12383.05288696289,3180.722412109375,0.23599952459335327,Tree
239,12472.8037109375,1930.9615478515625,12751.419006347656,2190.2548828125,0.22069957852363586,Tree
240,3056.787353515625,4277.301300048828,3727.87451171875,5016.995056152344,0.7430200576782227,Tree
241,2049.3955078125,6970.839111328125,2285.1884765625,7222.530517578125,0.7183493971824646,Tree
242,1730.5953369140625,7702.158447265625,2095.48974609375,7995.35302734375,0.7010269165039062,Tree
243,1962.9525146484375,6273.207275390625,2206.320068359375,6540.614013671875,0.6791257262229919,Tree
244,2399.4287109375,5876.6920166015625,2625.322021484375,6131.7451171875,0.6704337000846863,Tree
245,1794.0582275390625,7047.070556640625,2017.1563720703125,7298.54248046875,0.6682724952697754,Tree
246,2170.802001953125,5970.1263427734375,2387.8330078125,6210.87158203125,0.660820484161377,Tree
247,2804.485107421875,6103.58642578125,3035.6015625,6350.38330078125,0.6531709432601929,Tree
248,1827.818115234375,6024.29638671875,2076.1396484375,6272.09228515625,0.6438233256340027,Tree
249,1718.847900390625,6381.236572265625,1944.7413330078125,6629.158935546875,0.6402568817138672,Tree
250,3074.525390625,6003.8505859375,3305.4482421875,6246.341552734375,0.634918212890625,Tree
251,2704.77197265625,6441.13330078125,2929.63720703125,6705.786376953125,0.6290884613990784,Tree
252,2446.409912109375,7152.340087890625,2699.5302734375,7414.3486328125,0.6286023259162903,Tree
253,1944.422607421875,7343.984130859375,2164.666259765625,7586.18310546875,0.6255936622619629,Tree
254,2355.16845703125,7537.10791015625,2586.247802734375,7802.523193359375,0.6243671178817749,Tree
255,3095.69482421875,7242.011474609375,3352.91796875,7509.165283203125,0.621436357498169,Tree
256,2585.399169921875,6775.069580078125,2816.045166015625,7040.11083984375,0.6201075315475464,Tree
257,2833.6416015625,6717.96484375,3069.37060546875,6976.71728515625,0.617302656173706,Tree
258,3684.75146484375,7613.502685546875,3996.361572265625,7976.786865234375,0.6153514385223389,Tree
259,3384.935546875,7190.139404296875,3613.78076171875,7437.3193359375,0.6148891448974609,Tree
260,1340.601806640625,6151.277587890625,1582.167236328125,6409.00732421875,0.6128237843513489,Tree
261,2293.102783203125,6251.513916015625,2509.24755859375,6490.194091796875,0.6038221120834351,Tree
262,1131.399169921875,6257.55712890625,1342.6536865234375,6489.86865234375,0.6028599739074707,Tree
263,3705.895751953125,6509.0,3894.3779296875,6728.571533203125,0.5974878072738647,Tree
264,1558.0335693359375,7135.065673828125,1783.7958984375,7381.45849609375,0.5903588533401489,Tree
265,2105.96435546875,7637.988037109375,2322.615478515625,7871.7734375,0.5876979231834412,Tree
266,956.8295288085938,6000.559326171875,1189.1644287109375,6257.81396484375,0.5874660015106201,Tree
267,2449.151123046875,6485.125732421875,2687.539306640625,6745.253173828125,0.5849714875221252,Tree
268,1195.445556640625,5895.281005859375,1449.3157958984375,6170.431396484375,0.579390287399292,Tree
269,2329.232177734375,6901.888427734375,2516.087158203125,7104.80712890625,0.5720401406288147,Tree
270,3091.445556640625,6640.934814453125,3320.3115234375,6891.6396484375,0.5704069137573242,Tree
271,2632.10791015625,4821.1075439453125,2959.689208984375,5158.783203125,0.5697733759880066,Tree
272,3562.430908203125,6199.494384765625,3785.4677734375,6429.365966796875,0.568762481212616,Tree
273,2816.561767578125,7349.146484375,3044.431396484375,7599.12158203125,0.5615633726119995,Tree
274,1617.9649658203125,6777.872802734375,1852.6060791015625,7016.37451171875,0.5576053261756897,Tree
275,1511.390380859375,5858.14599609375,1736.2257080078125,6120.37353515625,0.5557089447975159,Tree
276,1674.44091796875,7401.6025390625,1913.2113037109375,7665.69091796875,0.5552323460578918,Tree
277,1498.3470458984375,6426.110107421875,1716.8392333984375,6677.06103515625,0.554334282875061,Tree
278,3728.4306640625,4368.682922363281,3999.24462890625,4759.517639160156,0.5508354306221008,Tree
279,2205.513427734375,7264.228759765625,2421.89306640625,7504.006103515625,0.5485777258872986,Tree
280,2605.714599609375,4386.278289794922,2985.2666015625,4780.577697753906,0.5447949767112732,Tree
281,3440.180908203125,6815.076171875,3676.2509765625,7055.72802734375,0.5316605567932129,Tree
282,2652.953125,5826.10546875,2878.655029296875,6059.526123046875,0.5313456654548645,Tree
283,2549.073486328125,6178.833740234375,2756.322265625,6414.835205078125,0.5226044058799744,Tree
284,1736.387451171875,5816.5211181640625,1917.535400390625,6034.998046875,0.5223807692527771,Tree
285,2761.975341796875,5494.973388671875,2999.60546875,5750.0030517578125,0.5212647318840027,Tree
286,3207.207275390625,6278.787841796875,3427.28759765625,6515.642578125,0.5203636288642883,Tree
287,557.435302734375,4178.620101928711,892.7413940429688,4527.213562011719,0.5202057957649231,Tree
288,2582.0244140625,7421.630859375,2807.912353515625,7667.25439453125,0.5171465277671814,Tree
289,3330.899658203125,6578.11376953125,3523.686767578125,6796.91162109375,0.5108742117881775,Tree
290,3413.509521484375,5784.8372802734375,3672.280029296875,6017.8309326171875,0.5102823972702026,Tree
291,94.39643859863281,4009.6506872177124,601.5595703125,4509.651702880859,0.504294753074646,Tree
292,2115.6845703125,4021.081003189087,2833.72412109375,4497.322113037109,0.49944984912872314,Tree
293,3629.2431640625,7074.994873046875,3810.388671875,7291.484130859375,0.49124234914779663,Tree
294,1362.5570068359375,6849.43212890625,1598.3369140625,7101.971435546875,0.488261342048645,Tree
295,2229.3603515625,6641.268798828125,2402.775634765625,6847.384033203125,0.47138163447380066,Tree
296,2557.343505859375,5594.2305908203125,2746.96337890625,5798.0408935546875,0.4582432210445404,Tree
297,3883.316650390625,6724.9208984375,3997.12890625,6971.734375,0.4568869471549988,Tree
298,2924.069580078125,5768.455810546875,3104.07470703125,5971.9830322265625,0.45155584812164307,Tree
299,3465.01025390625,4164.063323974609,3738.11865234375,4425.826629638672,0.44531941413879395,Tree
300,2969.516357421875,7004.175048828125,3152.281494140625,7218.790283203125,0.43649137020111084,Tree
301,1242.3291015625,6546.10546875,1436.875,6763.095947265625,0.4359692931175232,Tree
302,3783.4267578125,6107.784912109375,3983.890869140625,6321.705322265625,0.4213838279247284,Tree
303,3498.534912109375,7737.24755859375,3724.93896484375,7984.3515625,0.4172824025154114,Tree
304,3816.404296875,4000.0,3997.347412109375,4352.1239013671875,0.3965857923030853,Tree
305,1057.622802734375,4262.256622314453,1342.6812744140625,4521.120666503906,0.38851675391197205,Tree
306,3224.545166015625,6899.891845703125,3408.748046875,7107.802978515625,0.37734001874923706,Tree
307,2835.078125,4000.0,3286.517333984375,4244.839630126953,0.3611847758293152,Tree
308,3810.831298828125,5102.9820556640625,3995.3271484375,5345.7935791015625,0.36078009009361267,Tree
309,2287.79931640625,4715.153625488281,2599.5654296875,5052.8265380859375,0.35533633828163147,Tree
310,3822.277587890625,4825.1240234375,3998.16455078125,5065.4071044921875,0.3548325300216675,Tree
311,1007.8218994140625,7231.534423828125,1664.5655517578125,7879.08349609375,0.34362244606018066,Tree
312,881.6691284179688,4009.6238861083984,1102.38818359375,4169.146423339844,0.33728528022766113,Tree
313,2741.7490234375,7124.397216796875,2927.486328125,7330.164794921875,0.3294594883918762,Tree
314,3879.819091796875,5685.435302734375,3996.51953125,5904.2274169921875,0.31967002153396606,Tree
315,3575.084228515625,5246.3623046875,3900.1962890625,5584.715087890625,0.3097967505455017,Tree
316,543.2789306640625,4003.5738887786865,790.2139282226562,4121.591644287109,0.30756497383117676,Tree
317,3889.76171875,6416.929931640625,3995.3671875,6643.76953125,0.3026484549045563,Tree
318,2019.2418212890625,5718.0120849609375,2204.225341796875,5913.0726318359375,0.2834354043006897,Tree
319,1991.6480712890625,4377.439544677734,2368.9560546875,4759.83740234375,0.2765387296676636,Tree
320,68.79193878173828,4447.663726806641,338.4873046875,4777.62548828125,0.27488964796066284,Tree
321,2721.007568359375,7761.239501953125,3099.935302734375,7996.2119140625,0.2551373839378357,Tree
322,642.412353515625,4588.7935791015625,815.9931640625,4747.955261230469,0.25431668758392334,Tree
323,3689.4609375,5730.8291015625,3860.205322265625,5920.4903564453125,0.2526401877403259,Tree
324,563.7479248046875,5795.9649658203125,809.3558349609375,6078.673095703125,0.2423316240310669,Tree
325,774.0118408203125,6584.954833984375,1324.8553466796875,7234.468994140625,0.24090370535850525,Tree
326,3872.982421875,5393.5185546875,3993.234619140625,5616.6658935546875,0.23050639033317566,Tree
327,1121.463134765625,4017.7444610595703,1340.11767578125,4196.061630249023,0.2263621985912323,Tree
328,1607.7083740234375,7821.74365234375,1789.1573486328125,7992.014404296875,0.2192697525024414,Tree
329,3874.3310546875,5909.6495361328125,3996.24560546875,6113.806640625,0.21790367364883423,Tree
330,3249.8125,4000.0,3635.523681640625,4230.267440795898,0.21431338787078857,Tree
331,35.84376907348633,4005.124541282654,253.65821838378906,4150.942031860352,0.2084747850894928,Tree
332,3242.21435546875,4878.2528076171875,3592.8759765625,5081.3570556640625,0.2024277150630951,Tree
333,7418.717041015625,4000.62748670578,7735.512451171875,4343.333465576172,0.6932406425476074,Tree
334,7594.88134765625,4939.168395996094,7976.64453125,5342.482177734375,0.6656999588012695,Tree
335,4524.1103515625,7564.782470703125,4826.304992675781,7856.822998046875,0.6638339757919312,Tree
336,4033.4295692443848,7657.9013671875,4355.7947998046875,7980.763427734375,0.6593562960624695,Tree
337,4012.584958076477,6898.7431640625,4331.172607421875,7264.81494140625,0.6412713527679443,Tree
338,6907.279052734375,4776.97119140625,7253.296142578125,5194.1466064453125,0.6339841485023499,Tree
339,5774.666748046875,7620.38720703125,6105.00830078125,7964.9365234375,0.6322908997535706,Tree
340,4269.214782714844,6415.5546875,4508.603240966797,6674.53125,0.6272642612457275,Tree
341,5088.473388671875,6082.45703125,5428.654296875,6478.525634765625,0.625135064125061,Tree
342,4014.133138656616,4010.3821182250977,4677.9532470703125,4615.15087890625,0.6157925128936768,Tree
343,6725.571533203125,4065.8415756225586,7219.82177734375,4618.353576660156,0.6152725219726562,Tree
344,7211.726318359375,5701.7138671875,7542.48291015625,5990.369140625,0.6123930811882019,Tree
345,5300.9443359375,6615.858642578125,5604.573486328125,6877.905517578125,0.6123639941215515,Tree
346,4719.667907714844,4007.489242553711,5386.216552734375,4575.332580566406,0.6101739406585693,Tree
347,6894.531494140625,6596.010986328125,7231.8056640625,6937.10498046875,0.6081994771957397,Tree
348,6162.610107421875,7484.40087890625,6414.140869140625,7750.201416015625,0.5728417634963989,Tree
349,7386.22412109375,6698.571044921875,7772.583251953125,7129.059814453125,0.5654743909835815,Tree
350,5397.4776611328125,6959.637451171875,5722.0345458984375,7257.22216796875,0.5636894702911377,Tree
351,7463.95849609375,4402.436370849609,7808.361572265625,4756.9710693359375,0.5609471797943115,Tree
352,6410.474609375,7603.725830078125,6644.861083984375,7880.67626953125,0.5586501955986023,Tree
353,6924.025634765625,5441.8984375,7150.826416015625,5673.15380859375,0.5486205816268921,Tree
354,7246.364501953125,4779.656677246094,7582.93212890625,5167.8994140625,0.5482085943222046,Tree
355,4383.157196044922,7293.9736328125,4643.050598144531,7556.974853515625,0.5473229885101318,Tree
356,5004.96826171875,7697.22021484375,5271.1712646484375,7967.13427734375,0.5446503758430481,Tree
357,6541.201171875,4957.7955322265625,6785.356689453125,5173.05078125,0.5414571166038513,Tree
358,4889.039001464844,7019.05029296875,5152.1190185546875,7272.41357421875,0.5385964512825012,Tree
359,4011.611499786377,6371.62939453125,4263.678680419922,6630.48681640625,0.5296499729156494,Tree
360,6596.181640625,7877.44140625,6834.175048828125,7997.987548828125,0.5274725556373596,Tree
361,4726.930908203125,6606.53662109375,4991.734680175781,6873.32763671875,0.5226830840110779,Tree
362,5378.133544921875,7742.5380859375,5653.0419921875,7989.08984375,0.5188223719596863,Tree
363,5620.205322265625,4713.180480957031,6053.775390625,5178.2291259765625,0.5160850882530212,Tree
364,7788.048583984375,4610.344665527344,7996.00634765625,4966.43212890625,0.5143697261810303,Tree
365,5747.3568115234375,7295.018310546875,5976.4295654296875,7533.906494140625,0.5112047791481018,Tree
366,6597.267822265625,6984.3935546875,6910.302734375,7288.388427734375,0.5103123784065247,Tree
367,4007.5760293006897,6003.48388671875,4286.194152832031,6295.979248046875,0.5068698525428772,Tree
368,4012.005831718445,4599.798889160156,4359.606353759766,5004.782531738281,0.5059271454811096,Tree
369,7235.85693359375,6082.460693359375,7489.397216796875,6345.046875,0.48288536071777344,Tree
370,4357.950103759766,6904.906982421875,4639.1485595703125,7197.5869140625,0.467803031206131,Tree
371,6491.513671875,7308.486083984375,6750.389892578125,7563.495361328125,0.45947661995887756,Tree
372,5366.2945556640625,7454.693359375,5611.232421875,7699.332763671875,0.45749080181121826,Tree
373,5877.30615234375,7006.20751953125,6186.76904296875,7320.810546875,0.45545369386672974,Tree
374,5933.7178955078125,6543.607666015625,6226.09375,6818.140869140625,0.453265517950058,Tree
375,7800.6494140625,7162.0361328125,7994.696044921875,7398.8369140625,0.4465940594673157,Tree
376,7691.767578125,5693.4307861328125,7970.697021484375,5952.48193359375,0.44491851329803467,Tree
377,6210.966064453125,4015.287293434143,6650.452880859375,4363.574645996094,0.4419924020767212,Tree
378,6971.7568359375,7694.209228515625,7308.5263671875,7995.61572265625,0.44179072976112366,Tree
379,7789.647216796875,4000.2184047549963,7996.62646484375,4171.965866088867,0.43718594312667847,Tree
380,6096.767822265625,7804.21142578125,6423.698486328125,7994.186767578125,0.4266113042831421,Tree
381,4555.613952636719,4553.6744384765625,5017.960754394531,5035.2823486328125,0.4186793863773346,Tree
382,5145.07373046875,4841.883972167969,5538.30078125,5246.022216796875,0.4160265326499939,Tree
383,7876.199951171875,4265.146148681641,7992.721923828125,4554.446533203125,0.41514623165130615,Tree
384,7870.41748046875,6732.677978515625,7994.675048828125,7058.905029296875,0.4150182008743286,Tree
385,4101.6719970703125,5594.848876953125,4303.712188720703,5817.1734619140625,0.414778470993042,Tree
386,6386.793701171875,5210.6470947265625,6666.570068359375,5484.1988525390625,0.41390174627304077,Tree
387,4821.724548339844,5479.5106201171875,5068.2779541015625,5728.4730224609375,0.3950645625591278,Tree
388,7446.083740234375,7252.947021484375,7793.318115234375,7630.6142578125,0.39124226570129395,Tree
389,4034.913154602051,7308.44775390625,4326.177703857422,7607.5986328125,0.38642096519470215,Tree
390,7875.6181640625,5386.261474609375,7995.669921875,5627.8758544921875,0.3844670057296753,Tree
391,6336.1474609375,7116.501220703125,6569.096923828125,7364.413818359375,0.3784463107585907,Tree
392,7820.87158203125,6096.97021484375,7994.733154296875,6455.2294921875,0.3753988444805145,Tree
393,5625.6234130859375,6143.908935546875,5878.1624755859375,6405.132080078125,0.37373554706573486,Tree
394,6026.865478515625,7294.59033203125,6273.725830078125,7551.601318359375,0.36325693130493164,Tree
395,4271.393768310547,5006.4739990234375,4471.807678222656,5234.1295166015625,0.3574366569519043,Tree
396,4002.3767313957214,5015.649658203125,4178.364791870117,5253.684326171875,0.3505097031593323,Tree
397,7674.66357421875,5966.6280517578125,7887.0458984375,6160.798828125,0.3442234992980957,Tree
398,4085.19718170166,6670.355224609375,4309.915588378906,6912.98974609375,0.3411482572555542,Tree
399,7115.0537109375,4007.5566239356995,7396.453857421875,4282.094879150391,0.3390691876411438,Tree
400,6683.475341796875,6128.749267578125,6938.480712890625,6365.267822265625,0.3323823809623718,Tree
401,4943.912109375,5764.85302734375,5197.9422607421875,6007.1187744140625,0.3321097493171692,Tree
402,6898.01806640625,7407.441162109375,7144.48779296875,7648.368408203125,0.33164554834365845,Tree
403,7294.58642578125,7740.6943359375,7561.205078125,7996.830810546875,0.33114421367645264,Tree
404,4290.9285888671875,5578.438720703125,4442.4010009765625,5744.9532470703125,0.32865357398986816,Tree
405,7892.03125,6451.824951171875,7996.0986328125,6704.06396484375,0.3205313980579376,Tree
406,5766.721435546875,6783.056884765625,5956.5113525390625,6985.314208984375,0.31933626532554626,Tree
407,7721.828857421875,7392.94677734375,7992.9140625,7675.41259765625,0.3154962658882141,Tree
408,5819.5557861328125,4014.8881549835205,6246.50390625,4345.063323974609,0.31535542011260986,Tree
409,4005.3202385902405,5406.3214111328125,4179.289932250977,5607.952880859375,0.3034353256225586,Tree
410,7360.486083984375,6468.84375,7584.857421875,6684.892333984375,0.2991759181022644,Tree
411,4333.982818603516,5303.2115478515625,4530.133605957031,5518.7718505859375,0.2895044684410095,Tree
412,5359.5518798828125,5431.6103515625,5647.182861328125,5696.2225341796875,0.2867160439491272,Tree
413,4691.1947021484375,6120.658935546875,4872.5692138671875,6312.9453125,0.2861577570438385,Tree
414,4004.338363170624,5639.3702392578125,4113.410530090332,5848.7652587890625,0.28477972745895386,Tree
415,6955.607177734375,4529.446228027344,7229.171630859375,4771.8194580078125,0.27909430861473083,Tree
416,5958.474365234375,4440.195617675781,6169.418701171875,4637.97802734375,0.2772800326347351,Tree
417,5042.1458740234375,7551.261474609375,5246.885986328125,7737.37646484375,0.27539128065109253,Tree
418,5576.19677734375,6403.197021484375,5763.010986328125,6598.62890625,0.27482086420059204,Tree
419,5808.201416015625,6371.418701171875,5996.875,6565.529541015625,0.2728104293346405,Tree
420,6419.97802734375,6890.5986328125,6633.759033203125,7122.298583984375,0.2726424038410187,Tree
421,5382.8636474609375,4003.470814228058,5858.907470703125,4297.3162841796875,0.2686620056629181,Tree
422,4941.461853027344,6671.3671875,5147.88720703125,6883.28173828125,0.26194483041763306,Tree
423,5476.0582275390625,7305.100341796875,5673.9788818359375,7518.37939453125,0.26135432720184326,Tree
424,6204.98291015625,6855.77392578125,6367.71044921875,7029.7568359375,0.2585332989692688,Tree
425,6696.144775390625,5287.4573974609375,6883.927001953125,5471.661376953125,0.25337955355644226,Tree
426,4356.008117675781,7885.444091796875,4564.079162597656,7997.103759765625,0.24253854155540466,Tree
427,6745.873291015625,5705.361572265625,6987.0546875,5939.3580322265625,0.24036887288093567,Tree
428,4762.949279785156,5140.94140625,5073.4229736328125,5424.9404296875,0.23927348852157593,Tree
429,6680.508056640625,5448.56201171875,6876.729736328125,5654.73681640625,0.23530930280685425,Tree
430,4297.432922363281,7681.362060546875,4477.723297119141,7889.18017578125,0.23069259524345398,Tree
431,6388.083740234375,6625.646240234375,6669.281005859375,6915.0380859375,0.2286127805709839,Tree
432,4437.6231689453125,5805.462158203125,4626.304870605469,6011.0638427734375,0.227154940366745,Tree
433,7362.34130859375,7580.2431640625,7563.50732421875,7774.14794921875,0.2253285050392151,Tree
434,4574.749694824219,5621.0078125,4740.733581542969,5788.168212890625,0.22261208295822144,Tree
435,4003.7933695316315,6648.099853515625,4116.29508972168,6888.21142578125,0.22134104371070862,Tree
436,4380.182952880859,4729.8056640625,4565.4058837890625,4924.125305175781,0.22087815403938293,Tree
437,4735.760314941406,6985.876953125,4913.44384765625,7201.566650390625,0.2203272581100464,Tree
438,6936.750732421875,7052.931884765625,7166.32958984375,7292.48779296875,0.21825867891311646,Tree
439,7160.66162109375,5251.9920654296875,7348.852783203125,5442.17431640625,0.21479880809783936,Tree
440,5788.7091064453125,4508.23046875,6010.7237548828125,4715.338134765625,0.21447837352752686,Tree
441,7364.913330078125,6272.31787109375,7558.44384765625,6448.4384765625,0.21442139148712158,Tree
442,4630.387451171875,7338.837646484375,4821.0335693359375,7520.6923828125,0.21023687720298767,Tree
443,7173.319091796875,5476.5037841796875,7375.72802734375,5673.03466796875,0.20924872159957886,Tree
444,7605.617919921875,7602.385009765625,7809.816162109375,7786.46826171875,0.20819532871246338,Tree
445,7154.391357421875,6916.51513671875,7368.23583984375,7138.1689453125,0.20666727423667908,Tree
446,6079.677490234375,5775.938720703125,6367.68017578125,6040.145751953125,0.20478954911231995,Tree
447,7391.143798828125,5327.4188232421875,7580.147705078125,5523.1112060546875,0.20189175009727478,Tree
448,5245.39208984375,7017.059326171875,5454.3502197265625,7229.1708984375,0.2004806399345398,Tree
449,8364.48046875,4289.775238037109,8851.066528320312,4790.4739990234375,0.7856717109680176,Tree
450,8612.687683105469,4902.825439453125,8987.737976074219,5326.3680419921875,0.7237445116043091,Tree
451,9067.715209960938,4957.1868896484375,9409.517456054688,5321.657958984375,0.7040314078330994,Tree
452,10260.759033203125,6015.939453125,10496.60595703125,6279.31689453125,0.682100772857666,Tree
453,9740.38818359375,5576.1328125,10029.179321289062,5899.5009765625,0.6758922338485718,Tree
454,10503.164306640625,6147.179443359375,10833.5546875,6471.307373046875,0.6355682015419006,Tree
455,10181.65185546875,4816.5687255859375,10533.39111328125,5222.434326171875,0.6247165203094482,Tree
456,10295.649169921875,5536.2523193359375,10644.16064453125,5917.1859130859375,0.612721860408783,Tree
457,9915.135620117188,6140.31640625,10205.61474609375,6426.3515625,0.6004452109336853,Tree
458,8947.162780761719,6083.19482421875,9261.358520507812,6424.57373046875,0.5977457761764526,Tree
459,9399.133911132812,6508.766357421875,9748.319213867188,6803.236083984375,0.5956317186355591,Tree
460,8691.361328125,5406.965576171875,9061.586181640625,5787.0833740234375,0.5943822860717773,Tree
461,8190.4947509765625,7265.17626953125,8456.478546142578,7505.69921875,0.5858821868896484,Tree
462,10838.9248046875,4440.275238037109,11368.416015625,4907.490661621094,0.5828732252120972,Tree
463,9335.910766601562,5977.8369140625,9824.316284179688,6446.563720703125,0.5786882638931274,Tree
464,10021.753540039062,7075.41650390625,10330.027587890625,7409.0029296875,0.5758724212646484,Tree
465,8432.632293701172,6464.347900390625,8797.155151367188,6857.159423828125,0.5744116306304932,Tree
466,10318.31689453125,7094.703857421875,10562.3935546875,7362.528564453125,0.5717893838882446,Tree
467,8667.473449707031,7370.663818359375,8949.645629882812,7624.551025390625,0.5609124302864075,Tree
468,8592.081726074219,7072.070556640625,8915.17724609375,7370.23974609375,0.5608134269714355,Tree
469,8908.517883300781,6578.1005859375,9296.759765625,6962.13427734375,0.5605924725532532,Tree
470,9439.648559570312,6786.925537109375,9783.29150390625,7089.435302734375,0.5602697730064392,Tree
471,8416.644256591797,6062.174560546875,8793.968933105469,6413.950927734375,0.556953489780426,Tree
472,9631.188354492188,4896.387023925781,9938.849975585938,5211.7822265625,0.549889862537384,Tree
473,8174.585876464844,4909.734130859375,8551.682495117188,5294.441162109375,0.547721803188324,Tree
474,11401.700439453125,7196.620361328125,11936.118408203125,7700.552001953125,0.5398817658424377,Tree
475,9943.807250976562,6499.4482421875,10294.41357421875,6801.756591796875,0.5342437624931335,Tree
476,9922.582275390625,4197.451126098633,10381.95947265625,4699.748352050781,0.5298539400100708,Tree
477,9056.824829101562,7403.602783203125,9335.134521484375,7677.982666015625,0.5252305269241333,Tree
478,11420.36767578125,6513.646484375,11655.115966796875,6747.990478515625,0.522148072719574,Tree
479,9057.1328125,4358.679840087891,9382.246826171875,4666.766052246094,0.51138836145401,Tree
480,8107.866600036621,7557.38916015625,8364.598541259766,7831.22314453125,0.5068843960762024,Tree
481,8296.89047241211,5524.3575439453125,8555.148498535156,5761.0225830078125,0.503804624080658,Tree
482,11313.57177734375,5938.0208740234375,11782.466064453125,6463.1650390625,0.5012454986572266,Tree
483,10668.970947265625,5238.0653076171875,10968.799072265625,5582.6231689453125,0.4995601177215576,Tree
484,9322.19775390625,5552.438232421875,9552.849975585938,5788.250244140625,0.498654842376709,Tree
485,9014.553649902344,6971.720458984375,9324.611206054688,7287.42041015625,0.4924032688140869,Tree
486,11409.42529296875,7737.606689453125,11826.362060546875,7995.780517578125,0.4921340346336365,Tree
487,8018.974439620972,5133.748779296875,8271.704071044922,5389.6397705078125,0.4894123375415802,Tree
488,8010.768253326416,4153.89274597168,8321.27944946289,4436.3978271484375,0.48658204078674316,Tree
489,8001.561262011528,5460.7174072265625,8214.946548461914,5808.380615234375,0.4847533404827118,Tree
490,11737.995361328125,5183.59033203125,11999.997314453125,5495.5345458984375,0.47962555289268494,Tree
491,8178.831695556641,5689.94287109375,8425.016998291016,5938.4796142578125,0.47012388706207275,Tree
492,11175.123779296875,6373.38525390625,11423.160400390625,6610.79833984375,0.46243178844451904,Tree
493,11016.328125,6599.172607421875,11398.24951171875,6984.492431640625,0.45309215784072876,Tree
494,11764.00537109375,4369.040496826172,11994.5029296875,4769.1802978515625,0.44719505310058594,Tree
495,11583.237548828125,4728.820495605469,11969.692626953125,5139.5501708984375,0.4447697699069977,Tree
496,8054.430442810059,6822.9677734375,8385.079772949219,7149.49951171875,0.44398143887519836,Tree
497,8002.287706613541,6061.03515625,8220.083709716797,6393.582763671875,0.4379946291446686,Tree
498,11278.1640625,4737.503112792969,11503.907958984375,4973.522033691406,0.43299734592437744,Tree
499,9952.186767578125,6825.6337890625,10262.150634765625,7089.82275390625,0.4328400194644928,Tree
500,10570.377197265625,6756.388916015625,10894.103271484375,7059.444580078125,0.4326012432575226,Tree
501,8428.251983642578,7650.352783203125,8618.464599609375,7860.4111328125,0.43103551864624023,Tree
502,9585.29931640625,7101.676513671875,9817.186279296875,7351.94677734375,0.4306584298610687,Tree
503,10514.6259765625,4736.694580078125,10749.947265625,4990.669006347656,0.4268127679824829,Tree
504,10656.9873046875,7375.31884765625,11028.4765625,7766.76123046875,0.42502087354660034,Tree
505,8025.234369277954,4550.372741699219,8422.3662109375,4924.5009765625,0.4138604402542114,Tree
506,8002.399304389954,6528.7587890625,8190.82275390625,6863.982177734375,0.4103192687034607,Tree
507,11766.315185546875,6315.966552734375,11998.121826171875,6583.6044921875,0.41031134128570557,Tree
508,10876.260009765625,6249.71923828125,11107.185546875,6478.709716796875,0.4041764736175537,Tree
509,11826.058837890625,6602.840576171875,11996.423828125,6837.87353515625,0.39833948016166687,Tree
510,8703.588012695312,7672.182861328125,8928.323608398438,7908.551513671875,0.39774468541145325,Tree
511,11625.0478515625,6718.215087890625,11874.936279296875,6968.02099609375,0.391483873128891,Tree
512,10276.2705078125,7463.920654296875,10494.729248046875,7708.75048828125,0.38703516125679016,Tree
513,10480.249755859375,4470.233642578125,10745.903564453125,4708.8134765625,0.3833155035972595,Tree
514,8928.133605957031,7884.907470703125,9203.022338867188,7995.333740234375,0.3828873932361603,Tree
515,11091.451904296875,4952.163330078125,11513.11669921875,5316.8275146484375,0.3699685037136078,Tree
516,11050.087890625,6078.218017578125,11300.164794921875,6319.578857421875,0.3566301763057709,Tree
517,10414.952392578125,4044.023147583008,10904.6982421875,4511.497406005859,0.35091254115104675,Tree
518,8746.484985351562,4003.999854326248,9072.902465820312,4124.500915527344,0.3403576612472534,Tree
519,11892.58349609375,7096.65380859375,11995.639892578125,7339.272705078125,0.33785682916641235,Tree
520,11547.826904296875,4162.244522094727,11812.177978515625,4438.388488769531,0.33648282289505005,Tree
521,10571.0771484375,6559.04052734375,10755.985595703125,6754.568359375,0.322216272354126,Tree
522,11084.697265625,7682.4208984375,11364.22900390625,7969.20703125,0.3131035566329956,Tree
523,11238.6220703125,4001.1779165267944,11583.150634765625,4300.951110839844,0.31287914514541626,Tree
524,8290.958801269531,5248.7130126953125,8485.215148925781,5445.792724609375,0.3126264214515686,Tree
525,8353.967742919922,4001.609848380089,8575.941589355469,4175.8514404296875,0.312374472618103,Tree
526,11728.988037109375,5787.9383544921875,11991.391845703125,6233.197265625,0.30901139974594116,Tree
527,11868.625732421875,5545.02001953125,11993.9853515625,5787.3472900390625,0.3075562119483948,Tree
528,8003.190622806549,7774.19921875,8189.041427612305,7990.43994140625,0.3044683337211609,Tree
529,10789.21484375,5796.5733642578125,11080.956787109375,6117.450439453125,0.3034612536430359,Tree
530,9284.227783203125,4843.365783691406,9492.902221679688,5056.8258056640625,0.30217838287353516,Tree
531,10385.98486328125,7824.462890625,10756.361328125,7994.51708984375,0.3017937242984772,Tree
532,9488.671508789062,5211.0699462890625,9746.649291992188,5462.42724609375,0.29953986406326294,Tree
533,11738.050537109375,4000.0,12000.0,4265.921875,0.29832857847213745,Tree
534,10626.2333984375,7039.869140625,10886.033935546875,7271.9677734375,0.2969057559967041,Tree
535,9250.891723632812,7237.88330078125,9479.529296875,7474.568115234375,0.2955007553100586,Tree
536,11891.93115234375,6898.607421875,11995.631591796875,7130.9853515625,0.2954128682613373,Tree
537,11067.117919921875,5196.44189453125,11712.94091796875,5859.7288818359375,0.2940007150173187,Tree
538,8958.968505859375,7672.3515625,9143.849365234375,7858.929443359375,0.28952309489250183,Tree
539,10740.366455078125,5532.100341796875,10942.9248046875,5713.0443115234375,0.2828153669834137,Tree
540,11785.543701171875,7813.957275390625,11996.205078125,7997.632080078125,0.26982244849205017,Tree
541,9398.679077148438,4105.5214767456055,9613.520141601562,4317.148742675781,0.2693590521812439,Tree
542,10359.332275390625,6882.79345703125,10551.58447265625,7074.61962890625,0.2662925720214844,Tree
543,11463.40673828125,6989.312744140625,11706.284423828125,7220.345458984375,0.26358360052108765,Tree
544,11229.72021484375,7262.042724609375,11447.446533203125,7511.193115234375,0.25300073623657227,Tree
545,11874.2421875,7459.5927734375,11996.056884765625,7683.34326171875,0.25151151418685913,Tree
546,8906.745239257812,4437.168121337891,9116.306030273438,4657.365173339844,0.25032860040664673,Tree
547,11608.215087890625,5469.3963623046875,11874.79638671875,5701.5389404296875,0.24492236971855164,Tree
548,11198.456298828125,6901.435546875,11469.6240234375,7127.353759765625,0.24317172169685364,Tree
549,8796.883239746094,5867.2237548828125,8995.518249511719,6060.36962890625,0.23853665590286255,Tree
550,10835.53076171875,4004.325292110443,11099.648193359375,4132.236618041992,0.2369777262210846,Tree
551,11890.136474609375,4944.035461425781,11994.833984375,5165.504150390625,0.23671531677246094,Tree
552,9072.830810546875,5541.919189453125,9297.068969726562,5772.56396484375,0.2361198365688324,Tree
553,8155.227005004883,7865.202880859375,8439.332336425781,7994.14208984375,0.2341364622116089,Tree
554,10631.701416015625,5048.005615234375,10824.22021484375,5235.37744140625,0.2338726818561554,Tree
555,9056.5361328125,6426.71533203125,9281.488159179688,6648.150390625,0.23101776838302612,Tree
556,9307.685180664062,7482.833740234375,9523.745239257812,7708.694091796875,0.22832533717155457,Tree
557,11490.015869140625,4521.332946777344,11678.654052734375,4706.4185791015625,0.2280443012714386,Tree
558,9791.39794921875,5236.283447265625,9996.578002929688,5438.0040283203125,0.22070389986038208,Tree
559,11095.70166015625,5703.879638671875,11346.131591796875,5956.516845703125,0.22066107392311096,Tree
560,11543.197021484375,5037.6365966796875,11758.1845703125,5246.4720458984375,0.22043192386627197,Tree
561,9647.353515625,4551.72998046875,9896.04248046875,4793.064697265625,0.21839338541030884,Tree
562,11494.78662109375,5666.9482421875,11765.583984375,5915.1142578125,0.21646225452423096,Tree
563,10835.867919921875,6065.986328125,11023.114501953125,6235.81103515625,0.21476030349731445,Tree
564,9287.718383789062,6299.794921875,9502.506225585938,6511.72265625,0.21471047401428223,Tree
565,10875.990234375,7874.629150390625,11100.959716796875,7996.61962890625,0.21289828419685364,Tree
566,9765.031372070312,4004.0948901176453,10038.22021484375,4116.454612731934,0.2126431167125702,Tree
567,8244.807891845703,6177.72509765625,8485.697814941406,6417.600830078125,0.21186509728431702,Tree
568,10201.5166015625,5780.1158447265625,10401.5927734375,5963.1553955078125,0.21119552850723267,Tree
569,11695.54833984375,6968.6650390625,11881.263671875,7168.756103515625,0.2107003927230835,Tree
570,10010.078002929688,7879.393798828125,10363.25,7994.861083984375,0.20997217297554016,Tree
571,11435.57861328125,6778.566650390625,11680.385498046875,7013.75,0.20910689234733582,Tree
572,10432.116943359375,4005.2977471351624,10707.029296875,4131.14436340332,0.20059537887573242,Tree
573,12105.119049072266,7233.558837890625,12705.110900878906,7841.3134765625,0.6325656175613403,Tree
574,13096.712646484375,5997.5147705078125,13552.761352539062,6466.5966796875,0.5822198987007141,Tree
575,12937.036071777344,5002.450927734375,13436.65087890625,5510.691650390625,0.5764789581298828,Tree
576,12798.678527832031,7090.543701171875,13041.500732421875,7349.1259765625,0.5734845399856567,Tree
577,12108.589744567871,4022.686357498169,12608.994262695312,4520.615478515625,0.5665432214736938,Tree
578,13287.447387695312,6566.22314453125,13651.576049804688,6928.372802734375,0.5411661267280579,Tree
579,12684.810852050781,6598.340087890625,13131.918823242188,7057.93701171875,0.5405160188674927,Tree
580,12539.809692382812,7758.84814453125,12862.669006347656,7991.0146484375,0.4971236288547516,Tree
581,12264.557189941406,5860.3868408203125,12580.733642578125,6200.1025390625,0.46508094668388367,Tree
582,13118.849609375,7430.14794921875,13542.671020507812,7829.092041015625,0.4607939124107361,Tree
583,12759.828796386719,4534.688781738281,13233.167724609375,4986.2154541015625,0.4597848951816559,Tree
584,12984.939697265625,4007.8834891319275,13393.892700195312,4233.1842041015625,0.4484074115753174,Tree
585,12026.566265106201,5116.833740234375,12422.784576416016,5516.26171875,0.4449242651462555,Tree
586,12216.584075927734,4717.349792480469,12490.584289550781,4967.313903808594,0.4438509941101074,Tree
587,12774.560668945312,6264.40185546875,13027.796875,6504.9951171875,0.44181472063064575,Tree
588,12949.376525878906,4248.929168701172,13343.386840820312,4584.5833740234375,0.44113266468048096,Tree
589,12008.73598575592,6332.400146484375,12260.74447631836,6609.006591796875,0.43399494886398315,Tree
590,12812.099975585938,6015.7674560546875,13067.979125976562,6274.65283203125,0.4300221800804138,Tree
591,12527.473876953125,6358.67041015625,12758.943115234375,6596.5556640625,0.422345370054245,Tree
592,12097.550804138184,5492.1995849609375,12423.32748413086,5794.2677001953125,0.42149972915649414,Tree
593,13006.866271972656,6478.312255859375,13229.826049804688,6724.203125,0.4023422598838806,Tree
594,12004.490178585052,4765.915466308594,12139.586212158203,5052.89306640625,0.39755725860595703,Tree
595,12401.561889648438,4504.8453369140625,12810.94580078125,4987.302062988281,0.39483267068862915,Tree
596,12004.36252450943,7677.6015625,12134.507400512695,7989.49267578125,0.3942330777645111,Tree
597,12254.67219543457,6686.55322265625,12615.085266113281,7056.56298828125,0.3886827230453491,Tree
598,12539.380920410156,6130.18017578125,12807.371887207031,6381.309326171875,0.38604092597961426,Tree
599,12490.480102539062,5369.94677734375,12750.995788574219,5615.5054931640625,0.37788912653923035,Tree
600,12819.688110351562,7649.54248046875,13071.909790039062,7897.1103515625,0.37622982263565063,Tree
601,13003.687133789062,5649.255615234375,13296.005859375,5978.870849609375,0.3710324764251709,Tree
602,12706.441345214844,5730.90966796875,12950.161987304688,5977.572021484375,0.36050859093666077,Tree
603,13224.007934570312,6979.85498046875,13613.498413085938,7350.848876953125,0.35954251885414124,Tree
604,12424.06005859375,5098.41455078125,12650.819763183594,5345.7996826171875,0.35114526748657227,Tree
605,12485.24838256836,5662.80029296875,12682.6923828125,5882.406494140625,0.3499324321746826,Tree
606,12785.490173339844,7877.54052734375,13027.198852539062,7995.657958984375,0.349854052066803,Tree
607,12674.228149414062,5081.4920654296875,12963.231811523438,5419.4661865234375,0.34792959690093994,Tree
608,12084.349174499512,6037.3505859375,12351.036529541016,6290.0615234375,0.34310758113861084,Tree
609,13220.440551757812,5512.32568359375,13595.101318359375,5903.5408935546875,0.33556491136550903,Tree
610,12112.192474365234,7791.239990234375,12435.901947021484,7993.388916015625,0.33268579840660095,Tree
611,13166.4580078125,7790.2001953125,13385.231323242188,7984.8876953125,0.3316534757614136,Tree
612,12008.302165031433,4347.200012207031,12192.709884643555,4561.546569824219,0.33151882886886597,Tree
613,12574.245849609375,5943.2642822265625,12803.943298339844,6177.830810546875,0.3297155499458313,Tree
614,12228.586532592773,4955.208190917969,12459.280517578125,5189.734130859375,0.3283458650112152,Tree
615,12026.263246536255,7299.099609375,12251.04312133789,7534.239990234375,0.32741913199424744,Tree
616,12322.198913574219,6145.59326171875,12562.055114746094,6383.49267578125,0.3211526870727539,Tree
617,12002.077145576477,5786.7464599609375,12193.007369995117,6091.280029296875,0.31179890036582947,Tree
618,13055.868530273438,7031.510009765625,13289.521606445312,7310.921630859375,0.31128937005996704,Tree
619,12287.011688232422,6428.91845703125,12536.864318847656,6675.2529296875,0.30731645226478577,Tree
620,12003.234168291092,6792.664794921875,12116.541717529297,7023.19091796875,0.30292126536369324,Tree
621,12539.740783691406,6982.95263671875,12782.712463378906,7215.8037109375,0.3009539246559143,Tree
622,12735.705322265625,4090.533981323242,12996.781372070312,4356.683319091797,0.29608869552612305,Tree
623,12003.778378725052,4001.3325988054276,12212.968673706055,4217.35969543457,0.28499549627304077,Tree
624,12856.972900390625,7348.85302734375,13049.474365234375,7541.4873046875,0.2816505432128906,Tree
625,12609.36328125,7505.750732421875,12847.606872558594,7731.005126953125,0.2736549973487854,Tree
626,12047.913230895996,6983.626953125,12356.55712890625,7294.906982421875,0.2711698114871979,Tree
627,12051.502380371094,6657.490478515625,12309.831970214844,6913.379150390625,0.2606118321418762,Tree
628,13352.5615234375,5859.4530029296875,13590.543090820312,6102.863525390625,0.25762051343917847,Tree
629,12730.712219238281,4428.178680419922,12957.420593261719,4655.852355957031,0.24928829073905945,Tree
630,12004.056704998016,4535.443359375,12191.03254699707,4754.359680175781,0.2406303882598877,Tree
631,12843.803100585938,5518.9173583984375,13044.531860351562,5708.0821533203125,0.23768487572669983,Tree
632,12517.548156738281,4164.460144042969,12783.022521972656,4438.356231689453,0.23378431797027588,Tree
633,12800.288757324219,6532.837158203125,12983.792114257812,6703.752685546875,0.23289424180984497,Tree
634,13211.4736328125,4585.679992675781,13435.741821289062,4842.55810546875,0.23103675246238708,Tree
635,12618.395080566406,7270.48974609375,12859.087158203125,7510.0234375,0.22745737433433533,Tree
636,13122.535278320312,6734.26904296875,13315.303955078125,6935.615478515625,0.21911805868148804,Tree
637,12312.061584472656,7042.042236328125,12522.455749511719,7252.2841796875,0.2163400650024414,Tree
638,13358.37841796875,6383.407958984375,13618.282348632812,6623.598388671875,0.20743072032928467,Tree
639,12000.926130115986,6151.104248046875,12131.403930664062,6361.906005859375,0.20478692650794983,Tree
640,12515.249328613281,4914.5670166015625,12782.654724121094,5164.2216796875,0.20309573411941528,Tree
641,13188.453002929688,7259.060302734375,13412.654907226562,7482.333984375,0.20105573534965515,Tree
642,12250.402465820312,4475.0718994140625,12504.165954589844,4708.083801269531,0.20100605487823486,Tree
643,2409.48974609375,8329.908416748047,2672.289306640625,8615.624755859375,0.6231280565261841,Tree
644,2282.354248046875,8590.987182617188,2540.3330078125,8837.878540039062,0.474793016910553,Tree
645,2709.56396484375,8194.420425415039,2933.9287109375,8429.100799560547,0.4422052800655365,Tree
646,2806.78759765625,8007.627229690552,3018.34033203125,8211.857940673828,0.42927783727645874,Tree
647,2494.554931640625,8010.611864089966,2748.97265625,8252.55305480957,0.42050886154174805,Tree
648,3006.818115234375,8019.937450408936,3278.246826171875,8270.104064941406,0.4127419888973236,Tree
649,2999.308349609375,8836.047302246094,3794.096435546875,9547.4755859375,0.3991369903087616,Tree
650,1784.802490234375,8290.628784179688,2302.341796875,8869.1982421875,0.39313220977783203,Tree
651,3118.43994140625,8386.691802978516,3346.82421875,8620.800476074219,0.3492414951324463,Tree
652,3389.4580078125,8186.083450317383,3767.00830078125,8526.806579589844,0.33847469091415405,Tree
653,2795.61865234375,8579.439514160156,3093.5205078125,8884.086242675781,0.3175523281097412,Tree
654,1642.805419921875,8006.369636058807,1980.882080078125,8212.052230834961,0.2763828635215759,Tree
655,1684.8055419921875,8163.028472900391,1929.1292724609375,8532.067443847656,0.24074864387512207,Tree
656,2957.5830078125,8920.298583984375,3173.111572265625,9238.620849609375,0.23531588912010193,Tree
657,3791.80029296875,9104.212890625,3998.509765625,9455.69580078125,0.23146745562553406,Tree
658,2263.255859375,8007.385032653809,2500.740966796875,8190.314117431641,0.217766672372818,Tree
659,6799.3681640625,9323.0927734375,7657.59375,10248.49560546875,0.7203723192214966,Tree
660,5575.4847412109375,8538.191467285156,5912.63818359375,8937.77294921875,0.5666327476501465,Tree
661,5642.4107666015625,8122.9383544921875,5942.9444580078125,8436.060852050781,0.5212604403495789,Tree
662,6284.560302734375,8221.121383666992,6528.67578125,8463.709838867188,0.511165201663971,Tree
663,5914.706298828125,8478.124206542969,6389.7021484375,8933.943420410156,0.5037372708320618,Tree
664,4573.361633300781,10095.58544921875,5061.95849609375,10576.94677734375,0.4535442888736725,Tree
665,4773.029235839844,8344.653045654297,5044.057861328125,8604.766235351562,0.44792649149894714,Tree
666,5386.04150390625,8251.560806274414,5620.5086669921875,8497.88119506836,0.44588470458984375,Tree
667,6250.81640625,8004.27098608017,6527.313232421875,8138.869049072266,0.4455052614212036,Tree
668,5058.722900390625,8488.421478271484,5416.329833984375,8872.117370605469,0.4411665201187134,Tree
669,7865.863525390625,8988.286987304688,7993.664794921875,9295.502807617188,0.4365229308605194,Tree
670,7419.3515625,8980.620971679688,7711.158203125,9283.656616210938,0.4265514612197876,Tree
671,7628.686279296875,10016.026611328125,7987.3623046875,10866.25830078125,0.3549882173538208,Tree
672,7862.55908203125,9353.384643554688,7996.0498046875,9560.890014648438,0.3361670970916748,Tree
673,6344.113037109375,8489.778350830078,6570.343994140625,8737.71826171875,0.3352576196193695,Tree
674,7391.7509765625,8254.16862487793,7601.7021484375,8454.809600830078,0.3281235992908478,Tree
675,7743.519287109375,9591.938110351562,7996.786376953125,9871.197387695312,0.3179520070552826,Tree
676,6049.342041015625,8009.780631065369,6257.7529296875,8205.86508178711,0.30772635340690613,Tree
677,4029.0412940979004,8793.702758789062,4559.5400390625,9328.887329101562,0.3065034747123718,Tree
678,5753.948486328125,9346.68408203125,5974.7825927734375,9578.766723632812,0.30209580063819885,Tree
679,5275.575927734375,8004.384339332581,5636.4080810546875,8219.141235351562,0.29915302991867065,Tree
680,7491.925048828125,8010.419003486633,7806.737548828125,8182.0562744140625,0.29827192425727844,Tree
681,6985.16455078125,8585.177429199219,7206.6044921875,8830.014038085938,0.2780712842941284,Tree
682,6580.708251953125,9420.324340820312,6817.1767578125,9705.248901367188,0.27475887537002563,Tree
683,4550.452880859375,9818.685546875,4806.367736816406,10096.700927734375,0.27378448843955994,Tree
684,6908.952880859375,8012.016521453857,7289.41162109375,8172.65364074707,0.2734159231185913,Tree
685,7735.33984375,8806.989562988281,7924.478515625,8982.553527832031,0.2664099931716919,Tree
686,5208.7825927734375,10177.776611328125,5477.6009521484375,10441.130859375,0.26113754510879517,Tree
687,7796.241455078125,9826.013671875,7997.959228515625,10188.343017578125,0.25505030155181885,Tree
688,5898.27685546875,8060.793743133545,6074.96044921875,8249.381164550781,0.2547098994255066,Tree
689,6160.250732421875,9481.497314453125,6358.6533203125,9706.686279296875,0.25141650438308716,Tree
690,4004.1226325035095,8445.279357910156,4121.829605102539,8715.631225585938,0.2493557333946228,Tree
691,4007.7652821540833,8009.38129234314,4283.919342041016,8262.386932373047,0.23430582880973816,Tree
692,7871.43798828125,8212.692733764648,7994.239501953125,8461.766418457031,0.23090562224388123,Tree
693,4704.670349121094,8063.939552307129,4995.274658203125,8350.408233642578,0.22465133666992188,Tree
694,5696.522216796875,9948.401123046875,6240.453857421875,10442.86181640625,0.22288528084754944,Tree
695,7880.79833984375,8468.577270507812,7994.285888671875,8700.471435546875,0.21981129050254822,Tree
696,4481.9705810546875,9351.257568359375,4660.081237792969,9565.538330078125,0.2106262743473053,Tree
697,7628.986572265625,8429.540924072266,7870.905029296875,8664.935852050781,0.20699861645698547,Tree
698,7288.467041015625,8430.273620605469,7529.031982421875,8657.536743164062,0.20247140526771545,Tree
699,6695.803466796875,8006.75193977356,6949.5732421875,8186.378082275391,0.20093581080436707,Tree
700,9956.044311523438,8017.193250656128,10282.6953125,8345.681182861328,0.6256502866744995,Tree
701,8630.26806640625,8013.590986251831,8932.649230957031,8320.667266845703,0.5819565653800964,Tree
702,11855.63037109375,9252.775390625,11995.568115234375,9525.417358398438,0.5254947543144226,Tree
703,8017.205738067627,8026.845037460327,8241.295181274414,8334.39761352539,0.515788197517395,Tree
704,9701.559692382812,9722.095336914062,10676.88623046875,10575.02978515625,0.5116943120956421,Tree
705,8068.608016967773,8805.597473144531,8720.655639648438,9522.01123046875,0.5015000104904175,Tree
706,8974.934143066406,8017.176622390747,9251.806640625,8272.972961425781,0.4974088966846466,Tree
707,8375.110046386719,9789.917114257812,9136.435546875,10602.774658203125,0.4953506290912628,Tree
708,9335.612060546875,8091.410903930664,9858.351684570312,8555.859802246094,0.49130216240882874,Tree
709,8000.594816207886,8422.302978515625,8267.770874023438,8704.567199707031,0.473593145608902,Tree
710,8006.207938194275,10283.25,8521.962524414062,10851.081787109375,0.4483904242515564,Tree
711,8345.323455810547,8007.372141838074,8635.341430664062,8128.384124755859,0.43807151913642883,Tree
712,9972.418823242188,9515.775390625,10228.02392578125,9755.12841796875,0.42574605345726013,Tree
713,11573.666259765625,9124.913818359375,11775.4833984375,9332.747192382812,0.4016192853450775,Tree
714,11053.56982421875,8514.681091308594,11263.95068359375,8716.591918945312,0.3969244956970215,Tree
715,10257.6123046875,8471.900482177734,10514.2509765625,8730.560729980469,0.38050422072410583,Tree
716,8377.841369628906,8229.901458740234,8666.587951660156,8493.084289550781,0.3775845170021057,Tree
717,11089.72998046875,8165.6571044921875,11343.03564453125,8434.77474975586,0.36171600222587585,Tree
718,8004.489254951477,9638.225219726562,8178.841995239258,9868.878662109375,0.35010606050491333,Tree
719,11286.668701171875,9007.697387695312,11472.427978515625,9215.599487304688,0.33937862515449524,Tree
720,11574.40673828125,9871.570922851562,11993.45849609375,10442.909912109375,0.33856260776519775,Tree
721,11312.990966796875,9508.150512695312,11539.39453125,9741.583129882812,0.33494317531585693,Tree
722,11337.8759765625,8463.900115966797,11680.80078125,8835.530090332031,0.33474084734916687,Tree
723,10295.938232421875,9421.995727539062,10579.133544921875,9668.180419921875,0.33249497413635254,Tree
724,8000.668314099312,9251.266723632812,8193.81576538086,9572.762451171875,0.3305373787879944,Tree
725,8755.63232421875,8779.599975585938,8990.374450683594,9040.515625,0.3278375267982483,Tree
726,10778.221923828125,9267.764038085938,11060.69677734375,9583.305908203125,0.3256898522377014,Tree
727,10043.86962890625,9148.72314453125,10324.375732421875,9446.97900390625,0.32299983501434326,Tree
728,10920.729248046875,9807.796875,11204.563232421875,10061.58984375,0.32005199790000916,Tree
729,11407.546142578125,10229.184326171875,11675.411376953125,10506.407958984375,0.31097882986068726,Tree
730,11853.475341796875,8958.184753417969,11993.259765625,9221.137084960938,0.3099239766597748,Tree
731,9846.240966796875,9070.94140625,10035.69140625,9270.766235351562,0.3049434423446655,Tree
732,11221.401123046875,8006.557312011719,11687.4150390625,8291.165435791016,0.3046889305114746,Tree
733,11475.0439453125,8767.505004882812,11842.78662109375,9141.09521484375,0.30387043952941895,Tree
734,9440.592651367188,9288.682739257812,9673.529174804688,9531.471801757812,0.3009200692176819,Tree
735,11597.64892578125,8223.931259155273,11963.9072265625,8618.836547851562,0.29920536279678345,Tree
736,9005.657775878906,8937.18212890625,9277.225341796875,9175.280517578125,0.2951076626777649,Tree
737,11053.140625,9109.90966796875,11244.17041015625,9324.344116210938,0.28652429580688477,Tree
738,10840.779052734375,10114.413330078125,11040.510498046875,10325.7041015625,0.2827981114387512,Tree
739,8003.34566950798,9951.010620117188,8174.919616699219,10177.380126953125,0.28127551078796387,Tree
740,9304.713256835938,8664.803100585938,9487.76513671875,8878.234802246094,0.2751798927783966,Tree
741,8203.281692504883,8654.740112304688,8384.330963134766,8825.664611816406,0.2738192677497864,Tree
742,10846.61181640625,8260.584228515625,11047.582763671875,8466.690338134766,0.27114713191986084,Tree
743,11688.552734375,8000.0,11998.59033203125,8258.606994628906,0.26958388090133667,Tree
744,8005.655136108398,8693.12646484375,8178.75212097168,9003.443603515625,0.2670268416404724,Tree
745,11769.30810546875,8575.914001464844,11993.7255859375,9007.168273925781,0.2622246742248535,Tree
746,8804.187316894531,8361.514923095703,8999.688720703125,8556.833801269531,0.2617418169975281,Tree
747,11872.147216796875,9688.311767578125,11995.332275390625,9923.685546875,0.26110756397247314,Tree
748,10561.974853515625,8528.006408691406,10817.153564453125,8774.935424804688,0.26025310158729553,Tree
749,9785.916748046875,8681.890075683594,10042.05810546875,8925.912292480469,0.25613945722579956,Tree
750,10323.3916015625,8007.545673370361,10639.279541015625,8178.581268310547,0.25473445653915405,Tree
751,9796.68505859375,9614.719848632812,10033.171875,9842.063842773438,0.249639630317688,Tree
752,9495.568969726562,8743.526062011719,9721.547973632812,9004.127563476562,0.24553385376930237,Tree
753,11018.5732421875,10335.81201171875,11281.660400390625,10564.882080078125,0.24530193209648132,Tree
754,10335.468017578125,8271.620483398438,10569.620849609375,8517.824401855469,0.24375391006469727,Tree
755,10536.7783203125,10399.125244140625,10791.886474609375,10619.93408203125,0.24098166823387146,Tree
756,8979.912353515625,10125.865478515625,9646.990234375,10724.42138671875,0.23528990149497986,Tree
757,11589.896484375,9523.0458984375,11839.698974609375,9763.826904296875,0.2319585382938385,Tree
758,8266.812896728516,8281.849060058594,8432.284210205078,8449.472076416016,0.22954490780830383,Tree
759,10159.9111328125,10469.07373046875,10415.826904296875,10681.943603515625,0.22614794969558716,Tree
760,10748.734375,8010.059878349304,11091.11669921875,8170.227920532227,0.22524583339691162,Tree
761,10686.167236328125,9949.275146484375,10867.24951171875,10141.508544921875,0.22033992409706116,Tree
762,9071.002319335938,8597.209228515625,9241.840698242188,8794.866638183594,0.21621620655059814,Tree
763,10411.935791015625,9748.294067382812,10664.445556640625,9989.071533203125,0.21393471956253052,Tree
764,8062.507255554199,10249.031494140625,8263.505950927734,10426.120361328125,0.2121061384677887,Tree
765,9774.975219726562,9444.19140625,9937.991821289062,9602.828247070312,0.2054453194141388,Tree
766,9212.47802734375,9551.319213867188,9458.812377929688,9775.115600585938,0.20130282640457153,Tree
767,11151.496337890625,9336.771850585938,11409.954833984375,9614.365356445312,0.2001924216747284,Tree
768,12243.07925415039,8586.228271484375,12654.701232910156,8979.141540527344,0.5549493432044983,Tree
769,12868.330810546875,8271.273132324219,13485.171997070312,8918.309448242188,0.5493034720420837,Tree
770,12023.10915184021,8895.551086425781,12558.310363769531,9391.694580078125,0.4783889055252075,Tree
771,12012.860336303711,8000.0,12274.999816894531,8228.339767456055,0.47062718868255615,Tree
772,12232.486297607422,9673.9140625,12716.973327636719,10249.1962890625,0.443634569644928,Tree
773,12420.184143066406,8217.091430664062,12772.760925292969,8593.415649414062,0.4420866072177887,Tree
774,12017.200820922852,8205.48648071289,12402.511413574219,8617.691772460938,0.43886998295783997,Tree
775,12760.39794921875,8008.283620834351,12978.452270507812,8177.72607421875,0.3818686902523041,Tree
776,12578.771362304688,8704.4921875,12904.532104492188,9015.643249511719,0.35955607891082764,Tree
777,13202.952758789062,8008.466368675232,13405.77880859375,8212.23323059082,0.3465450406074524,Tree
778,12009.970085144043,9703.769775390625,12255.926467895508,10341.253173828125,0.33650046586990356,Tree
779,12002.522925138474,9388.258544921875,12174.80776977539,9727.802856445312,0.33584892749786377,Tree
780,12280.807067871094,8018.301364898682,12483.572845458984,8213.793701171875,0.3290957808494568,Tree
781,12203.464904785156,9308.289794921875,12562.371520996094,9635.235229492188,0.3283349871635437,Tree
782,12002.128937721252,8533.024597167969,12202.632125854492,8870.656982421875,0.3063291311264038,Tree
783,12939.638122558594,8008.970933914185,13194.912841796875,8165.877868652344,0.3033667802810669,Tree
784,12571.477966308594,8010.019589424133,12781.051940917969,8201.886688232422,0.30263248085975647,Tree
785,12811.159484863281,8164.714508056641,13017.679565429688,8368.831604003906,0.2845589220523834,Tree
786,13013.437561035156,8147.026397705078,13360.210083007812,8390.685546875,0.2655547857284546,Tree
787,12969.072631835938,8810.057800292969,13181.79736328125,9003.414672851562,0.2259388267993927,Tree
